{"cameraMode":{"drawMode":0,"name":"Shaded","section":"Shading Mode"},"sceneLighting":true,"audioPlay":false,"sceneViewState":{"m_AlwaysRefresh":true,"showFog":true,"showSkybox":true,"showFlares":true,"showImageEffects":true,"showParticleSystems":true,"showVisualEffectGraphs":true,"m_FxEnabled":true},"in2DMode":false,"pivot":{"x":23.845409393310548,"y":0.7495841979980469,"z":-42.105995178222659},"rotation":{"x":0.3586054742336273,"y":0.02380029298365116,"z":-0.009146453812718392,"w":0.933141827583313},"size":3.8576953411102297,"orthographic":false}