{"cameraMode":{"drawMode":0,"name":"Shaded","section":"Shading Mode"},"sceneLighting":true,"audioPlay":false,"sceneViewState":{"m_AlwaysRefresh":true,"showFog":true,"showSkybox":true,"showFlares":true,"showImageEffects":true,"showParticleSystems":true,"showVisualEffectGraphs":true,"m_FxEnabled":true},"in2DMode":false,"pivot":{"x":24.978130340576173,"y":1.693067193031311,"z":-40.442054748535159},"rotation":{"x":0.1602666974067688,"y":-0.8397087454795837,"z":0.37046802043914797,"w":0.36326417326927187},"size":0.28089481592178347,"orthographic":false}