{"cameraMode":{"drawMode":0,"name":"Shaded","section":"Shading Mode"},"sceneLighting":true,"audioPlay":false,"sceneViewState":{"m_AlwaysRefresh":true,"showFog":true,"showSkybox":true,"showFlares":true,"showImageEffects":true,"showParticleSystems":true,"showVisualEffectGraphs":true,"m_FxEnabled":true},"in2DMode":false,"pivot":{"x":29.319740295410158,"y":-7.100033760070801,"z":-30.993087768554689},"rotation":{"x":0.1602666974067688,"y":-0.8397087454795837,"z":0.37046802043914797,"w":0.36326417326927187},"size":28.541303634643556,"orthographic":false}